fname,labels,mids
177059,Drip,/m/07r5v4s
178084,Drip,/m/07r5v4s
204465,Typewriter,/m/0c2wf
204466,Typewriter,/m/0c2wf
201589,Typewriter,/m/0c2wf
201591,Typewriter,/m/0c2wf
250646,Raindrop,/m/07r10fb
234528,Raindrop,/m/07r10fb
20796,Raindrop,/m/07r10fb
273988,Raindrop,/m/07r10fb
273994,Raindrop,/m/07r10fb
112741,Raindrop,/m/07r10fb
16746,Raindrop,/m/07r10fb
16747,Raindrop,/m/07r10fb
16748,Raindrop,/m/07r10fb
16749,Raindrop,/m/07r10fb
16750,Raindrop,/m/07r10fb
16751,Raindrop,/m/07r10fb
16752,Raindrop,/m/07r10fb
7795,Raindrop,/m/07r10fb
420220,Raindrop,/m/07r10fb
420221,Raindrop,/m/07r10fb
30341,Raindrop,/m/07r10fb
260243,Raindrop,/m/07r10fb
422872,Raindrop,/m/07r10fb
149721,Raindrop,/m/07r10fb
149722,Raindrop,/m/07r10fb
56286,Raindrop,/m/07r10fb
68324,Raindrop,/m/07r10fb
68326,Raindrop,/m/07r10fb
68327,Raindrop,/m/07r10fb
68328,Raindrop,/m/07r10fb
68329,Raindrop,/m/07r10fb
406760,Raindrop,/m/07r10fb
68330,Raindrop,/m/07r10fb
406767,Raindrop,/m/07r10fb
406762,Raindrop,/m/07r10fb
406770,Raindrop,/m/07r10fb
394792,Raindrop,/m/07r10fb
223748,Crumpling_and_crinkling,/t/dd00112
13842,Crumpling_and_crinkling,/t/dd00112
116755,Crumpling_and_crinkling,/t/dd00112
13843,Crumpling_and_crinkling,/t/dd00112
13845,Crumpling_and_crinkling,/t/dd00112
13846,Crumpling_and_crinkling,/t/dd00112
13847,Crumpling_and_crinkling,/t/dd00112
116757,Crumpling_and_crinkling,/t/dd00112
13849,Crumpling_and_crinkling,/t/dd00112
389657,Crumpling_and_crinkling,/t/dd00112
13851,Crumpling_and_crinkling,/t/dd00112
270364,Crumpling_and_crinkling,/t/dd00112
13852,Crumpling_and_crinkling,/t/dd00112
365086,Crumpling_and_crinkling,/t/dd00112
137247,Crumpling_and_crinkling,/t/dd00112
13848,Crumpling_and_crinkling,/t/dd00112
13850,Crumpling_and_crinkling,/t/dd00112
367132,Crumpling_and_crinkling,/t/dd00112
389667,Crumpling_and_crinkling,/t/dd00112
367143,Crumpling_and_crinkling,/t/dd00112
201256,Crumpling_and_crinkling,/t/dd00112
367145,Crumpling_and_crinkling,/t/dd00112
137257,Crumpling_and_crinkling,/t/dd00112
418859,Crumpling_and_crinkling,/t/dd00112
398897,Crumpling_and_crinkling,/t/dd00112
398898,Crumpling_and_crinkling,/t/dd00112
323635,Crumpling_and_crinkling,/t/dd00112
363067,Crumpling_and_crinkling,/t/dd00112
211004,Crumpling_and_crinkling,/t/dd00112
197179,Crumpling_and_crinkling,/t/dd00112
211003,Crumpling_and_crinkling,/t/dd00112
367681,Crumpling_and_crinkling,/t/dd00112
367682,Crumpling_and_crinkling,/t/dd00112
344644,Crumpling_and_crinkling,/t/dd00112
94791,Crumpling_and_crinkling,/t/dd00112
140891,Crumpling_and_crinkling,/t/dd00112
140895,Crumpling_and_crinkling,/t/dd00112
278113,Crumpling_and_crinkling,/t/dd00112
325221,Crumpling_and_crinkling,/t/dd00112
278121,Crumpling_and_crinkling,/t/dd00112
278122,Crumpling_and_crinkling,/t/dd00112
278123,Crumpling_and_crinkling,/t/dd00112
431211,Crumpling_and_crinkling,/t/dd00112
431213,Crumpling_and_crinkling,/t/dd00112
337522,Crumpling_and_crinkling,/t/dd00112
337523,Crumpling_and_crinkling,/t/dd00112
431220,Crumpling_and_crinkling,/t/dd00112
46197,Crumpling_and_crinkling,/t/dd00112
46196,Crumpling_and_crinkling,/t/dd00112
366199,Crumpling_and_crinkling,/t/dd00112
13844,Crumpling_and_crinkling,/t/dd00112
46198,Crumpling_and_crinkling,/t/dd00112
337524,Crumpling_and_crinkling,/t/dd00112
408186,Crumpling_and_crinkling,/t/dd00112
114299,Crumpling_and_crinkling,/t/dd00112
125565,Crumpling_and_crinkling,/t/dd00112
408194,Crumpling_and_crinkling,/t/dd00112
408196,Crumpling_and_crinkling,/t/dd00112
123012,Crumpling_and_crinkling,/t/dd00112
161414,Crumpling_and_crinkling,/t/dd00112
272015,Crumpling_and_crinkling,/t/dd00112
116754,Crumpling_and_crinkling,/t/dd00112
408220,Crumpling_and_crinkling,/t/dd00112
178846,Crumpling_and_crinkling,/t/dd00112
424606,Crumpling_and_crinkling,/t/dd00112
116756,Crumpling_and_crinkling,/t/dd00112
83623,Crumpling_and_crinkling,/t/dd00112
69289,Crumpling_and_crinkling,/t/dd00112
323755,Crumpling_and_crinkling,/t/dd00112
220844,Crumpling_and_crinkling,/t/dd00112
323756,Crumpling_and_crinkling,/t/dd00112
151216,Crumpling_and_crinkling,/t/dd00112
323762,Crumpling_and_crinkling,/t/dd00112
199347,Crumpling_and_crinkling,/t/dd00112
199348,Crumpling_and_crinkling,/t/dd00112
199349,Crumpling_and_crinkling,/t/dd00112
323766,Crumpling_and_crinkling,/t/dd00112
323767,Crumpling_and_crinkling,/t/dd00112
199353,Crumpling_and_crinkling,/t/dd00112
323764,Crumpling_and_crinkling,/t/dd00112
199346,Crumpling_and_crinkling,/t/dd00112
199352,Crumpling_and_crinkling,/t/dd00112
89789,Crumpling_and_crinkling,/t/dd00112
382654,Crumpling_and_crinkling,/t/dd00112
151231,Crumpling_and_crinkling,/t/dd00112
235200,Crumpling_and_crinkling,/t/dd00112
382661,Crumpling_and_crinkling,/t/dd00112
365786,Crumpling_and_crinkling,/t/dd00112
366299,Crumpling_and_crinkling,/t/dd00112
125665,Crumpling_and_crinkling,/t/dd00112
275681,Crumpling_and_crinkling,/t/dd00112
366192,Crumpling_and_crinkling,/t/dd00112
104164,Crumpling_and_crinkling,/t/dd00112
359142,Crumpling_and_crinkling,/t/dd00112
359143,Crumpling_and_crinkling,/t/dd00112
235754,Crumpling_and_crinkling,/t/dd00112
235755,Crumpling_and_crinkling,/t/dd00112
83693,Crumpling_and_crinkling,/t/dd00112
257775,Crumpling_and_crinkling,/t/dd00112
257272,Crumpling_and_crinkling,/t/dd00112
199417,Crumpling_and_crinkling,/t/dd00112
199418,Crumpling_and_crinkling,/t/dd00112
53500,Crumpling_and_crinkling,/t/dd00112
66813,Crumpling_and_crinkling,/t/dd00112
153342,Crumpling_and_crinkling,/t/dd00112
21762,Crumpling_and_crinkling,/t/dd00112
422151,Crumpling_and_crinkling,/t/dd00112
426256,Crumpling_and_crinkling,/t/dd00112
208662,Crumpling_and_crinkling,/t/dd00112
79136,Crumpling_and_crinkling,/t/dd00112
344354,Crumpling_and_crinkling,/t/dd00112
377634,Crumpling_and_crinkling,/t/dd00112
257828,Crumpling_and_crinkling,/t/dd00112
377636,Crumpling_and_crinkling,/t/dd00112
208678,Crumpling_and_crinkling,/t/dd00112
215849,Crumpling_and_crinkling,/t/dd00112
37166,Crumpling_and_crinkling,/t/dd00112
37167,Crumpling_and_crinkling,/t/dd00112
211246,Crumpling_and_crinkling,/t/dd00112
37168,Crumpling_and_crinkling,/t/dd00112
37170,Crumpling_and_crinkling,/t/dd00112
37171,Crumpling_and_crinkling,/t/dd00112
37172,Crumpling_and_crinkling,/t/dd00112
37173,Crumpling_and_crinkling,/t/dd00112
37174,Crumpling_and_crinkling,/t/dd00112
37175,Crumpling_and_crinkling,/t/dd00112
37176,Crumpling_and_crinkling,/t/dd00112
37177,Crumpling_and_crinkling,/t/dd00112
79155,Crumpling_and_crinkling,/t/dd00112
37179,Crumpling_and_crinkling,/t/dd00112
426815,Crumpling_and_crinkling,/t/dd00112
426816,Crumpling_and_crinkling,/t/dd00112
429508,Crumpling_and_crinkling,/t/dd00112
188229,Crumpling_and_crinkling,/t/dd00112
214854,Crumpling_and_crinkling,/t/dd00112
405320,Crumpling_and_crinkling,/t/dd00112
369490,Crumpling_and_crinkling,/t/dd00112
32599,Crumpling_and_crinkling,/t/dd00112
79199,Crumpling_and_crinkling,/t/dd00112
119142,Crumpling_and_crinkling,/t/dd00112
370027,Crumpling_and_crinkling,/t/dd00112
344433,Crumpling_and_crinkling,/t/dd00112
320389,Crumpling_and_crinkling,/t/dd00112
18313,Crumpling_and_crinkling,/t/dd00112
18314,Crumpling_and_crinkling,/t/dd00112
18315,Crumpling_and_crinkling,/t/dd00112
18316,Crumpling_and_crinkling,/t/dd00112
18317,Crumpling_and_crinkling,/t/dd00112
18323,Crumpling_and_crinkling,/t/dd00112
18324,Crumpling_and_crinkling,/t/dd00112
18325,Crumpling_and_crinkling,/t/dd00112
235934,Crumpling_and_crinkling,/t/dd00112
235935,Crumpling_and_crinkling,/t/dd00112
378278,Crumpling_and_crinkling,/t/dd00112
378286,Crumpling_and_crinkling,/t/dd00112
107448,Crumpling_and_crinkling,/t/dd00112
107449,Crumpling_and_crinkling,/t/dd00112
426429,Crumpling_and_crinkling,/t/dd00112
82370,Crumpling_and_crinkling,/t/dd00112
82371,Crumpling_and_crinkling,/t/dd00112
46020,Crumpling_and_crinkling,/t/dd00112
82373,Crumpling_and_crinkling,/t/dd00112
82372,Crumpling_and_crinkling,/t/dd00112
156103,Crumpling_and_crinkling,/t/dd00112
429509,Crumpling_and_crinkling,/t/dd00112
82375,Crumpling_and_crinkling,/t/dd00112
82376,Crumpling_and_crinkling,/t/dd00112
345035,Crumpling_and_crinkling,/t/dd00112
82380,Crumpling_and_crinkling,/t/dd00112
82382,Crumpling_and_crinkling,/t/dd00112
82383,Crumpling_and_crinkling,/t/dd00112
391128,Crumpling_and_crinkling,/t/dd00112
46195,Crumpling_and_crinkling,/t/dd00112
59878,Crumpling_and_crinkling,/t/dd00112
344552,Crumpling_and_crinkling,/t/dd00112
89578,Crumpling_and_crinkling,/t/dd00112
344555,Crumpling_and_crinkling,/t/dd00112
89579,Crumpling_and_crinkling,/t/dd00112
89580,Crumpling_and_crinkling,/t/dd00112
89581,Crumpling_and_crinkling,/t/dd00112
408057,Crumpling_and_crinkling,/t/dd00112
389548,Crumpling_and_crinkling,/t/dd00112
334201,Crumpling_and_crinkling,/t/dd00112
334208,Crumpling_and_crinkling,/t/dd00112
334214,Crumpling_and_crinkling,/t/dd00112
368137,Crumpling_and_crinkling,/t/dd00112
365328,Crumpling_and_crinkling,/t/dd00112
407718,Crumpling_and_crinkling,/t/dd00112
326323,Crumpling_and_crinkling,/t/dd00112
327123,Crumpling_and_crinkling,/t/dd00112
327130,Crumpling_and_crinkling,/t/dd00112
333825,Chewing_and_mastication,/m/03cczk
117254,Chewing_and_mastication,/m/03cczk
117255,Chewing_and_mastication,/m/03cczk
187910,Chewing_and_mastication,/m/03cczk
126988,Chewing_and_mastication,/m/03cczk
244243,Chewing_and_mastication,/m/03cczk
389654,Chewing_and_mastication,/m/03cczk
389655,Chewing_and_mastication,/m/03cczk
181271,Chewing_and_mastication,/m/03cczk
393755,Chewing_and_mastication,/m/03cczk
72731,Chewing_and_mastication,/m/03cczk
72732,Chewing_and_mastication,/m/03cczk
400925,Chewing_and_mastication,/m/03cczk
400926,Chewing_and_mastication,/m/03cczk
87072,Chewing_and_mastication,/m/03cczk
216097,Chewing_and_mastication,/m/03cczk
411170,Chewing_and_mastication,/m/03cczk
370214,Chewing_and_mastication,/m/03cczk
362024,Chewing_and_mastication,/m/03cczk
87085,Chewing_and_mastication,/m/03cczk
393774,Chewing_and_mastication,/m/03cczk
393775,Chewing_and_mastication,/m/03cczk
423479,Chewing_and_mastication,/m/03cczk
272440,Chewing_and_mastication,/m/03cczk
154681,Chewing_and_mastication,/m/03cczk
216127,Chewing_and_mastication,/m/03cczk
154689,Chewing_and_mastication,/m/03cczk
275015,Chewing_and_mastication,/m/03cczk
215639,Chewing_and_mastication,/m/03cczk
192091,Chewing_and_mastication,/m/03cczk
251484,Chewing_and_mastication,/m/03cczk
114277,Chewing_and_mastication,/m/03cczk
325224,Chewing_and_mastication,/m/03cczk
420463,Chewing_and_mastication,/m/03cczk
217204,Chewing_and_mastication,/m/03cczk
335478,Chewing_and_mastication,/m/03cczk
400504,Chewing_and_mastication,/m/03cczk
270457,Chewing_and_mastication,/m/03cczk
367737,Chewing_and_mastication,/m/03cczk
96891,Chewing_and_mastication,/m/03cczk
48762,Chewing_and_mastication,/m/03cczk
367739,Chewing_and_mastication,/m/03cczk
324240,Chewing_and_mastication,/m/03cczk
390801,Chewing_and_mastication,/m/03cczk
151698,Chewing_and_mastication,/m/03cczk
390800,Chewing_and_mastication,/m/03cczk
392340,Chewing_and_mastication,/m/03cczk
412310,Chewing_and_mastication,/m/03cczk
419991,Chewing_and_mastication,/m/03cczk
425115,Chewing_and_mastication,/m/03cczk
270492,Chewing_and_mastication,/m/03cczk
334494,Chewing_and_mastication,/m/03cczk
324767,Chewing_and_mastication,/m/03cczk
320673,Chewing_and_mastication,/m/03cczk
320674,Chewing_and_mastication,/m/03cczk
320675,Chewing_and_mastication,/m/03cczk
191653,Chewing_and_mastication,/m/03cczk
82604,Chewing_and_mastication,/m/03cczk
175279,Chewing_and_mastication,/m/03cczk
334512,Chewing_and_mastication,/m/03cczk
253619,Chewing_and_mastication,/m/03cczk
382650,Chewing_and_mastication,/m/03cczk
126659,Chewing_and_mastication,/m/03cczk
382660,Chewing_and_mastication,/m/03cczk
382662,Chewing_and_mastication,/m/03cczk
382664,Chewing_and_mastication,/m/03cczk
366797,Chewing_and_mastication,/m/03cczk
414416,Chewing_and_mastication,/m/03cczk
366801,Chewing_and_mastication,/m/03cczk
382673,Chewing_and_mastication,/m/03cczk
345304,Chewing_and_mastication,/m/03cczk
169188,Chewing_and_mastication,/m/03cczk
27877,Chewing_and_mastication,/m/03cczk
364265,Chewing_and_mastication,/m/03cczk
79082,Chewing_and_mastication,/m/03cczk
333037,Chewing_and_mastication,/m/03cczk
87277,Chewing_and_mastication,/m/03cczk
347889,Chewing_and_mastication,/m/03cczk
211704,Chewing_and_mastication,/m/03cczk
250106,Chewing_and_mastication,/m/03cczk
237310,Chewing_and_mastication,/m/03cczk
257792,Chewing_and_mastication,/m/03cczk
212737,Chewing_and_mastication,/m/03cczk
212738,Chewing_and_mastication,/m/03cczk
82692,Chewing_and_mastication,/m/03cczk
265483,Chewing_and_mastication,/m/03cczk
406796,Chewing_and_mastication,/m/03cczk
269581,Chewing_and_mastication,/m/03cczk
365844,Chewing_and_mastication,/m/03cczk
89369,Chewing_and_mastication,/m/03cczk
89370,Chewing_and_mastication,/m/03cczk
434461,Chewing_and_mastication,/m/03cczk
79133,Chewing_and_mastication,/m/03cczk
381726,Chewing_and_mastication,/m/03cczk
166692,Chewing_and_mastication,/m/03cczk
325419,Chewing_and_mastication,/m/03cczk
20267,Chewing_and_mastication,/m/03cczk
400174,Chewing_and_mastication,/m/03cczk
20270,Chewing_and_mastication,/m/03cczk
20275,Chewing_and_mastication,/m/03cczk
256311,Chewing_and_mastication,/m/03cczk
366392,Chewing_and_mastication,/m/03cczk
168249,Chewing_and_mastication,/m/03cczk
268094,Chewing_and_mastication,/m/03cczk
238400,Chewing_and_mastication,/m/03cczk
429889,Chewing_and_mastication,/m/03cczk
59714,Chewing_and_mastication,/m/03cczk
337731,Chewing_and_mastication,/m/03cczk
353612,Chewing_and_mastication,/m/03cczk
91980,Chewing_and_mastication,/m/03cczk
216918,Chewing_and_mastication,/m/03cczk
216919,Chewing_and_mastication,/m/03cczk
199512,Chewing_and_mastication,/m/03cczk
216920,Chewing_and_mastication,/m/03cczk
216921,Chewing_and_mastication,/m/03cczk
366934,Chewing_and_mastication,/m/03cczk
167262,Chewing_and_mastication,/m/03cczk
429924,Chewing_and_mastication,/m/03cczk
429931,Chewing_and_mastication,/m/03cczk
126315,Chewing_and_mastication,/m/03cczk
89976,Chewing_and_mastication,/m/03cczk
366970,Chewing_and_mastication,/m/03cczk
364923,Chewing_and_mastication,/m/03cczk
364924,Chewing_and_mastication,/m/03cczk
413645,Chewing_and_mastication,/m/03cczk
428931,Chewing_and_mastication,/m/03cczk
428933,Chewing_and_mastication,/m/03cczk
428938,Chewing_and_mastication,/m/03cczk
428939,Chewing_and_mastication,/m/03cczk
18318,Chewing_and_mastication,/m/03cczk
18319,Chewing_and_mastication,/m/03cczk
18320,Chewing_and_mastication,/m/03cczk
18321,Chewing_and_mastication,/m/03cczk
18322,Chewing_and_mastication,/m/03cczk
381329,Chewing_and_mastication,/m/03cczk
381328,Chewing_and_mastication,/m/03cczk
428953,Chewing_and_mastication,/m/03cczk
194463,Chewing_and_mastication,/m/03cczk
335267,Chewing_and_mastication,/m/03cczk
412068,Chewing_and_mastication,/m/03cczk
265636,Chewing_and_mastication,/m/03cczk
180150,Chewing_and_mastication,/m/03cczk
180153,Chewing_and_mastication,/m/03cczk
180158,Chewing_and_mastication,/m/03cczk
262595,Chewing_and_mastication,/m/03cczk
116169,Chewing_and_mastication,/m/03cczk
81866,Chewing_and_mastication,/m/03cczk
411595,Chewing_and_mastication,/m/03cczk
411596,Chewing_and_mastication,/m/03cczk
379341,Chewing_and_mastication,/m/03cczk
365518,Chewing_and_mastication,/m/03cczk
411597,Chewing_and_mastication,/m/03cczk
379342,Chewing_and_mastication,/m/03cczk
379343,Chewing_and_mastication,/m/03cczk
379344,Chewing_and_mastication,/m/03cczk
379345,Chewing_and_mastication,/m/03cczk
218065,Chewing_and_mastication,/m/03cczk
365009,Chewing_and_mastication,/m/03cczk
218069,Chewing_and_mastication,/m/03cczk
392154,Chewing_and_mastication,/m/03cczk
261595,Chewing_and_mastication,/m/03cczk
178149,Chewing_and_mastication,/m/03cczk
365550,Chewing_and_mastication,/m/03cczk
325615,Chewing_and_mastication,/m/03cczk
365554,Chewing_and_mastication,/m/03cczk
408051,Chewing_and_mastication,/m/03cczk
408052,Chewing_and_mastication,/m/03cczk
316926,Chewing_and_mastication,/m/03cczk
334209,Chewing_and_mastication,/m/03cczk
334210,Chewing_and_mastication,/m/03cczk
407688,Chewing_and_mastication,/m/03cczk
391174,Breathing,/m/0lyf6
391175,Breathing,/m/0lyf6
391176,Breathing,/m/0lyf6
317478,Pant,/m/07pyy8b
219176,Breathing,/m/0lyf6
364611,Breathing,/m/0lyf6
96337,Breathing,/m/0lyf6
272494,Breathing,/m/0lyf6
409730,Breathing,/m/0lyf6
352389,Breathing,/m/0lyf6
352391,Breathing,/m/0lyf6
352393,Breathing,/m/0lyf6
352395,Breathing,/m/0lyf6
409743,Breathing,/m/0lyf6
409747,Breathing,/m/0lyf6
141461,Breathing,/m/0lyf6
270496,Breathing,/m/0lyf6
270497,Breathing,/m/0lyf6
270498,Breathing,/m/0lyf6
270499,Breathing,/m/0lyf6
270500,Breathing,/m/0lyf6
270501,Breathing,/m/0lyf6
270502,Breathing,/m/0lyf6
270503,Breathing,/m/0lyf6
270504,Breathing,/m/0lyf6
270505,Breathing,/m/0lyf6
270506,Breathing,/m/0lyf6
270507,Breathing,/m/0lyf6
270508,Breathing,/m/0lyf6
270509,Breathing,/m/0lyf6
270510,Breathing,/m/0lyf6
270511,Breathing,/m/0lyf6
270512,Breathing,/m/0lyf6
270513,Breathing,/m/0lyf6
270514,Breathing,/m/0lyf6
16569,Breathing,/m/0lyf6
16570,Breathing,/m/0lyf6
409793,Breathing,/m/0lyf6
28866,Breathing,/m/0lyf6
22726,Breathing,/m/0lyf6
432337,Breathing,/m/0lyf6
409815,Breathing,/m/0lyf6
428259,Breathing,/m/0lyf6
231659,Breathing,/m/0lyf6
428271,Breathing,/m/0lyf6
426229,Breathing,/m/0lyf6
409853,Breathing,/m/0lyf6
409854,Breathing,/m/0lyf6
235792,Breathing,/m/0lyf6
252221,Breathing,/m/0lyf6
252225,Breathing,/m/0lyf6
252227,Breathing,/m/0lyf6
371012,Breathing,/m/0lyf6
252236,Breathing,/m/0lyf6
172398,Breathing,/m/0lyf6
151919,Breathing,/m/0lyf6
434548,Breathing,/m/0lyf6
434549,Breathing,/m/0lyf6
422342,Breathing,/m/0lyf6
219590,Breathing,/m/0lyf6
162254,Breathing,/m/0lyf6
256519,Breathing,/m/0lyf6
422419,Breathing,/m/0lyf6
430627,Breathing,/m/0lyf6
168512,Breathing,/m/0lyf6
268869,Breathing,/m/0lyf6
430675,Breathing,/m/0lyf6
430712,Breathing,/m/0lyf6
86682,Breathing,/m/0lyf6
66205,Breathing,/m/0lyf6
215714,Breathing,/m/0lyf6
428739,Breathing,/m/0lyf6
367321,Breathing,/m/0lyf6
88796,Breathing,/m/0lyf6
428766,Breathing,/m/0lyf6
176866,Breathing,/m/0lyf6
238307,Pant,/m/07pyy8b
240357,Breathing,/m/0lyf6
240362,Breathing,/m/0lyf6
240364,Breathing,/m/0lyf6
240365,Breathing,/m/0lyf6
176880,Breathing,/m/0lyf6
240371,Breathing,/m/0lyf6
396048,Breathing,/m/0lyf6
176913,Breathing,/m/0lyf6
176914,Breathing,/m/0lyf6
400150,Breathing,/m/0lyf6
324433,Breathing,/m/0lyf6
250720,Breathing,/m/0lyf6
217967,Breathing,/m/0lyf6
353154,Breathing,/m/0lyf6
238492,Breathing,/m/0lyf6
11165,Breathing,/m/0lyf6
238494,Breathing,/m/0lyf6
238495,Breathing,/m/0lyf6
351164,Breathing,/m/0lyf6
275388,Breathing,/m/0lyf6
150506,Breathing,/m/0lyf6
66542,Breathing,/m/0lyf6
340984,Breathing,/m/0lyf6
209983,Breathing,/m/0lyf6
416848,Breathing,/m/0lyf6
416849,Breathing,/m/0lyf6
416851,Breathing,/m/0lyf6
416854,Breathing,/m/0lyf6
416855,Breathing,/m/0lyf6
416856,Breathing,/m/0lyf6
416857,Breathing,/m/0lyf6
56420,Breathing,/m/0lyf6
363629,Breathing,/m/0lyf6
406642,Breathing,/m/0lyf6
406643,Breathing,/m/0lyf6
406644,Breathing,/m/0lyf6
406645,Breathing,/m/0lyf6
406646,Breathing,/m/0lyf6
121975,Breathing,/m/0lyf6
406647,Breathing,/m/0lyf6
406648,Breathing,/m/0lyf6
195712,Breathing,/m/0lyf6
363649,Breathing,/m/0lyf6
363648,Breathing,/m/0lyf6
363654,Breathing,/m/0lyf6
242867,Breathing,/m/0lyf6
179405,Breathing,/m/0lyf6
179413,Breathing,/m/0lyf6
339182,Breathing,/m/0lyf6
27895,Breathing,/m/0lyf6
27896,Breathing,/m/0lyf6
365843,Breathing,/m/0lyf6
30022,Breathing,/m/0lyf6
30024,Breathing,/m/0lyf6
30029,Breathing,/m/0lyf6
202066,Breathing,/m/0lyf6
251225,Breathing,/m/0lyf6
345459,Breathing,/m/0lyf6
193911,Breathing,/m/0lyf6
345464,Pant,/m/07pyy8b
198025,Breathing,/m/0lyf6
183692,Breathing,/m/0lyf6
361869,Breathing,/m/0lyf6
19862,Breathing,/m/0lyf6
152996,Breathing,/m/0lyf6
122295,Breathing,/m/0lyf6
75193,Breathing,/m/0lyf6
11720,Breathing,/m/0lyf6
220626,Breathing,/m/0lyf6
21983,Breathing,/m/0lyf6
386528,Breathing,/m/0lyf6
386530,Breathing,/m/0lyf6
394732,Breathing,/m/0lyf6
54776,Breathing,/m/0lyf6
36346,Breathing,/m/0lyf6
386573,Breathing,/m/0lyf6
372237,Breathing,/m/0lyf6
316944,Breathing,/m/0lyf6
316945,Breathing,/m/0lyf6
316947,Breathing,/m/0lyf6
316948,Breathing,/m/0lyf6
316949,Breathing,/m/0lyf6
316950,Breathing,/m/0lyf6
316951,Breathing,/m/0lyf6
316952,Breathing,/m/0lyf6
316953,Breathing,/m/0lyf6
202271,Breathing,/m/0lyf6
85536,Breathing,/m/0lyf6
36393,Breathing,/m/0lyf6
36394,Breathing,/m/0lyf6
36395,Breathing,/m/0lyf6
36396,Breathing,/m/0lyf6
36397,Breathing,/m/0lyf6
36398,Breathing,/m/0lyf6
36399,Breathing,/m/0lyf6
36400,Breathing,/m/0lyf6
36402,Breathing,/m/0lyf6
294455,Breathing,/m/0lyf6
190008,Breathing,/m/0lyf6
273979,Breathing,/m/0lyf6
50774,Breathing,/m/0lyf6
50777,Breathing,/m/0lyf6
50778,Breathing,/m/0lyf6
50779,Breathing,/m/0lyf6
396891,Breathing,/m/0lyf6
50781,Breathing,/m/0lyf6
398944,Breathing,/m/0lyf6
50791,Breathing,/m/0lyf6
22154,Breathing,/m/0lyf6
151215,Breathing,/m/0lyf6
151239,Breathing,/m/0lyf6
194255,Breathing,/m/0lyf6
194259,Breathing,/m/0lyf6
364251,Breathing,/m/0lyf6
26335,Breathing,/m/0lyf6
257787,Breathing,/m/0lyf6
333564,Breathing,/m/0lyf6
9981,Breathing,/m/0lyf6
9982,Breathing,/m/0lyf6
9983,Breathing,/m/0lyf6
9985,Breathing,/m/0lyf6
9986,Breathing,/m/0lyf6
9988,Breathing,/m/0lyf6
9989,Breathing,/m/0lyf6
9990,Breathing,/m/0lyf6
9991,Breathing,/m/0lyf6
9992,Breathing,/m/0lyf6
9993,Breathing,/m/0lyf6
9994,Breathing,/m/0lyf6
9995,Breathing,/m/0lyf6
9996,Breathing,/m/0lyf6
9997,Breathing,/m/0lyf6
9998,Breathing,/m/0lyf6
319247,Breathing,/m/0lyf6
10000,Breathing,/m/0lyf6
10001,Breathing,/m/0lyf6
10002,Breathing,/m/0lyf6
169747,Breathing,/m/0lyf6
10003,Breathing,/m/0lyf6
10004,Breathing,/m/0lyf6
9999,Breathing,/m/0lyf6
10005,Breathing,/m/0lyf6
10008,Breathing,/m/0lyf6
10007,Breathing,/m/0lyf6
333623,Breathing,/m/0lyf6
366421,Breathing,/m/0lyf6
169825,Breathing,/m/0lyf6
345961,Breathing,/m/0lyf6
10090,Breathing,/m/0lyf6
264042,Breathing,/m/0lyf6
10094,Breathing,/m/0lyf6
202606,Breathing,/m/0lyf6
343920,Breathing,/m/0lyf6
169843,Breathing,/m/0lyf6
124787,Breathing,/m/0lyf6
323445,Breathing,/m/0lyf6
124788,Breathing,/m/0lyf6
323447,Breathing,/m/0lyf6
323448,Breathing,/m/0lyf6
10105,Breathing,/m/0lyf6
124791,Breathing,/m/0lyf6
169844,Breathing,/m/0lyf6
169846,Breathing,/m/0lyf6
323446,Breathing,/m/0lyf6
169850,Breathing,/m/0lyf6
10110,Breathing,/m/0lyf6
429946,Breathing,/m/0lyf6
10116,Breathing,/m/0lyf6
10127,Breathing,/m/0lyf6
10129,Breathing,/m/0lyf6
10133,Breathing,/m/0lyf6
10145,Breathing,/m/0lyf6
10148,Breathing,/m/0lyf6
10149,Breathing,/m/0lyf6
42918,Breathing,/m/0lyf6
42919,Breathing,/m/0lyf6
42921,Breathing,/m/0lyf6
42922,Breathing,/m/0lyf6
42923,Breathing,/m/0lyf6
10156,Breathing,/m/0lyf6
42926,Breathing,/m/0lyf6
42927,Breathing,/m/0lyf6
10160,Breathing,/m/0lyf6
10159,Breathing,/m/0lyf6
10162,Breathing,/m/0lyf6
10163,Breathing,/m/0lyf6
10158,Breathing,/m/0lyf6
208824,Breathing,/m/0lyf6
10172,Breathing,/m/0lyf6
10177,Breathing,/m/0lyf6
364483,Breathing,/m/0lyf6
10225,Breathing,/m/0lyf6
391157,Breathing,/m/0lyf6
391158,Breathing,/m/0lyf6
10233,Breathing,/m/0lyf6
403451,Breathing,/m/0lyf6
10238,Breathing,/m/0lyf6
260617,Drip,/m/07r5v4s
121357,Drip,/m/07r5v4s
121359,Drip,/m/07r5v4s
121362,Drip,/m/07r5v4s
121363,Drip,/m/07r5v4s
121364,Drip,/m/07r5v4s
336419,Drip,/m/07r5v4s
166950,Drip,/m/07r5v4s
166951,Drip,/m/07r5v4s
166952,Drip,/m/07r5v4s
166955,Drip,/m/07r5v4s
409645,Drip,/m/07r5v4s
166958,Drip,/m/07r5v4s
166959,Drip,/m/07r5v4s
111169,Drip,/m/07r5v4s
273991,Drip,/m/07r5v4s
274003,Drip,/m/07r5v4s
274004,Drip,/m/07r5v4s
274006,Drip,/m/07r5v4s
274009,Drip,/m/07r5v4s
270440,Drip,/m/07r5v4s
270441,Drip,/m/07r5v4s
270442,Drip,/m/07r5v4s
259180,Drip,/m/07r5v4s
371830,Drip,/m/07r5v4s
78455,Drip,/m/07r5v4s
274042,Drip,/m/07r5v4s
274044,Drip,/m/07r5v4s
274047,Drip,/m/07r5v4s
119938,Drip,/m/07r5v4s
212112,Drip,/m/07r5v4s
270484,Drip,/m/07r5v4s
270486,Drip,/m/07r5v4s
270488,Drip,/m/07r5v4s
270489,Drip,/m/07r5v4s
50844,Drip,/m/07r5v4s
348830,Drip,/m/07r5v4s
8351,Drip,/m/07r5v4s
8352,Drip,/m/07r5v4s
274097,Drip,/m/07r5v4s
190661,Drip,/m/07r5v4s
237257,Drip,/m/07r5v4s
237259,Drip,/m/07r5v4s
369869,Drip,/m/07r5v4s
207569,Drip,/m/07r5v4s
207571,Drip,/m/07r5v4s
207572,Drip,/m/07r5v4s
161501,Drip,/m/07r5v4s
207582,Drip,/m/07r5v4s
207584,Drip,/m/07r5v4s
71909,Drip,/m/07r5v4s
260844,Drip,/m/07r5v4s
207598,Drip,/m/07r5v4s
207599,Drip,/m/07r5v4s
207600,Drip,/m/07r5v4s
207607,Drip,/m/07r5v4s
207608,Drip,/m/07r5v4s
79608,Drip,/m/07r5v4s
207611,Drip,/m/07r5v4s
207614,Drip,/m/07r5v4s
207615,Drip,/m/07r5v4s
207616,Drip,/m/07r5v4s
129299,Drip,/m/07r5v4s
410393,Drip,/m/07r5v4s
7996,Drip,/m/07r5v4s
7997,Drip,/m/07r5v4s
53584,Drip,/m/07r5v4s
138073,Drip,/m/07r5v4s
85873,Drip,/m/07r5v4s
85874,Drip,/m/07r5v4s
85879,Drip,/m/07r5v4s
85880,Drip,/m/07r5v4s
85882,Drip,/m/07r5v4s
85883,Drip,/m/07r5v4s
85884,Drip,/m/07r5v4s
353685,Drip,/m/07r5v4s
402461,Drip,/m/07r5v4s
386518,Drip,/m/07r5v4s
33772,Drip,/m/07r5v4s
389541,Drip,/m/07r5v4s
95743,Drip,/m/07r5v4s
249806,Drip,/m/07r5v4s
391949,Drip,/m/07r5v4s
365251,Trickle_and_dribble,/m/07pqc89
262206,Trickle_and_dribble,/m/07pqc89
427238,Trickle_and_dribble,/m/07pqc89
274049,Trickle_and_dribble,/m/07pqc89
274050,Trickle_and_dribble,/m/07pqc89
274051,Trickle_and_dribble,/m/07pqc89
274052,Trickle_and_dribble,/m/07pqc89
274053,Trickle_and_dribble,/m/07pqc89
274054,Trickle_and_dribble,/m/07pqc89
274055,Trickle_and_dribble,/m/07pqc89
30339,Trickle_and_dribble,/m/07pqc89
274059,Trickle_and_dribble,/m/07pqc89
391696,Trickle_and_dribble,/m/07pqc89
274072,Trickle_and_dribble,/m/07pqc89
50846,Trickle_and_dribble,/m/07pqc89
190913,Trickle_and_dribble,/m/07pqc89
162887,Trickle_and_dribble,/m/07pqc89
53459,Trickle_and_dribble,/m/07pqc89
53460,Trickle_and_dribble,/m/07pqc89
199383,Trickle_and_dribble,/m/07pqc89
199387,Trickle_and_dribble,/m/07pqc89
243547,Trickle_and_dribble,/m/07pqc89
243548,Trickle_and_dribble,/m/07pqc89
243550,Trickle_and_dribble,/m/07pqc89
243552,Trickle_and_dribble,/m/07pqc89
243553,Trickle_and_dribble,/m/07pqc89
243554,Trickle_and_dribble,/m/07pqc89
243555,Trickle_and_dribble,/m/07pqc89
243556,Trickle_and_dribble,/m/07pqc89
329061,Trickle_and_dribble,/m/07pqc89
243557,Trickle_and_dribble,/m/07pqc89
243558,Trickle_and_dribble,/m/07pqc89
107112,Trickle_and_dribble,/m/07pqc89
254332,Trickle_and_dribble,/m/07pqc89
254335,Trickle_and_dribble,/m/07pqc89
83779,Trickle_and_dribble,/m/07pqc89
388492,Trickle_and_dribble,/m/07pqc89
41637,Trickle_and_dribble,/m/07pqc89
254466,Cough,/m/01b_21
254467,Cough,/m/01b_21
31748,Cough,/m/01b_21
201733,Cough,/m/01b_21
45574,Cough,/m/01b_21
45575,Cough,/m/01b_21
187909,Cough,/m/01b_21
45577,Cough,/m/01b_21
45578,Cough,/m/01b_21
171542,Cough,/m/01b_21
346648,Cough,/m/01b_21
47134,Cough,/m/01b_21
47135,Cough,/m/01b_21
366627,Cough,/m/01b_21
53797,Cough,/m/01b_21
184871,Cough,/m/01b_21
52266,Cough,/m/01b_21
149042,Cough,/m/01b_21
149043,Cough,/m/01b_21
344632,Cough,/m/01b_21
432193,Cough,/m/01b_21
211524,Cough,/m/01b_21
60665,Throat_clearing,/m/0dl9sf8
109638,Cough,/m/01b_21
109639,Cough,/m/01b_21
109640,Cough,/m/01b_21
60666,Throat_clearing,/m/0dl9sf8
145487,Cough,/m/01b_21
19023,Cough,/m/01b_21
60667,Throat_clearing,/m/0dl9sf8
45150,Cough,/m/01b_21
341086,Cough,/m/01b_21
365158,Cough,/m/01b_21
399463,Cough,/m/01b_21
90727,Cough,/m/01b_21
157293,Cough,/m/01b_21
30830,Cough,/m/01b_21
157296,Cough,/m/01b_21
323695,Throat_clearing,/m/0dl9sf8
180044,Cough,/m/01b_21
219768,Cough,/m/01b_21
432266,Cough,/m/01b_21
342669,Cough,/m/01b_21
43151,Cough,/m/01b_21
325777,Cough,/m/01b_21
325778,Cough,/m/01b_21
336529,Cough,/m/01b_21
77459,Throat_clearing,/m/0dl9sf8
172188,Cough,/m/01b_21
65184,Cough,/m/01b_21
324769,Cough,/m/01b_21
386210,Cough,/m/01b_21
389285,Cough,/m/01b_21
19111,Cough,/m/01b_21
19112,Cough,/m/01b_21
389289,Cough,/m/01b_21
19113,Cough,/m/01b_21
19114,Cough,/m/01b_21
19115,Cough,/m/01b_21
19116,Cough,/m/01b_21
19117,Cough,/m/01b_21
19118,Cough,/m/01b_21
19119,Cough,/m/01b_21
19120,Cough,/m/01b_21
19122,Cough,/m/01b_21
19123,Cough,/m/01b_21
19124,Cough,/m/01b_21
151212,Cough,/m/01b_21
151213,Cough,/m/01b_21
151217,Cough,/m/01b_21
195771,Cough,/m/01b_21
196283,Cough,/m/01b_21
332989,Cough,/m/01b_21
81087,Cough,/m/01b_21
273602,Cough,/m/01b_21
79042,Cough,/m/01b_21
348364,Cough,/m/01b_21
408780,Cough,/m/01b_21
84695,Cough,/m/01b_21
390361,Cough,/m/01b_21
82654,Throat_clearing,/m/0dl9sf8
26336,Throat_clearing,/m/0dl9sf8
257765,Cough,/m/01b_21
382693,Cough,/m/01b_21
257770,Cough,/m/01b_21
326891,Cough,/m/01b_21
148205,Cough,/m/01b_21
87794,Cough,/m/01b_21
87795,Cough,/m/01b_21
148212,Cough,/m/01b_21
240373,Cough,/m/01b_21
240374,Cough,/m/01b_21
240375,Cough,/m/01b_21
422136,Cough,/m/01b_21
432377,Cough,/m/01b_21
44277,Cough,/m/01b_21
87796,Cough,/m/01b_21
432380,Cough,/m/01b_21
211197,Cough,/m/01b_21
87797,Cough,/m/01b_21
87798,Cough,/m/01b_21
155904,Cough,/m/01b_21
155905,Cough,/m/01b_21
148224,Cough,/m/01b_21
277253,Cough,/m/01b_21
169726,Cough,/m/01b_21
263935,Cough,/m/01b_21
63752,Cough,/m/01b_21
399624,Cough,/m/01b_21
399618,Throat_clearing,/m/0dl9sf8
399627,Cough,/m/01b_21
142603,Cough,/m/01b_21
142604,Cough,/m/01b_21
177835,Cough,/m/01b_21
17167,Cough,/m/01b_21
82717,Cough,/m/01b_21
407839,Cough,/m/01b_21
426271,Cough,/m/01b_21
39713,Cough,/m/01b_21
336672,Throat_clearing,/m/0dl9sf8
252229,Throat_clearing,/m/0dl9sf8
385829,Cough,/m/01b_21
95530,Cough,/m/01b_21
260907,Cough,/m/01b_21
95531,Cough,/m/01b_21
331052,Cough,/m/01b_21
210733,Cough,/m/01b_21
267055,Cough,/m/01b_21
152367,Cough,/m/01b_21
331056,Cough,/m/01b_21
331057,Cough,/m/01b_21
331058,Cough,/m/01b_21
252212,Cough,/m/01b_21
178997,Cough,/m/01b_21
331059,Cough,/m/01b_21
331060,Cough,/m/01b_21
331061,Cough,/m/01b_21
331063,Cough,/m/01b_21
331064,Cough,/m/01b_21
331065,Cough,/m/01b_21
331067,Cough,/m/01b_21
331068,Cough,/m/01b_21
252219,Throat_clearing,/m/0dl9sf8
252223,Cough,/m/01b_21
55616,Cough,/m/01b_21
207681,Cough,/m/01b_21
154434,Cough,/m/01b_21
218946,Cough,/m/01b_21
180036,Cough,/m/01b_21
387398,Cough,/m/01b_21
252231,Cough,/m/01b_21
180040,Cough,/m/01b_21
180037,Cough,/m/01b_21
334154,Cough,/m/01b_21
154443,Cough,/m/01b_21
343885,Cough,/m/01b_21
154444,Cough,/m/01b_21
180041,Cough,/m/01b_21
180042,Cough,/m/01b_21
180043,Cough,/m/01b_21
252240,Cough,/m/01b_21
252241,Cough,/m/01b_21
252242,Cough,/m/01b_21
62291,Cough,/m/01b_21
180045,Cough,/m/01b_21
148310,Cough,/m/01b_21
253775,Throat_clearing,/m/0dl9sf8
189786,Cough,/m/01b_21
19804,Cough,/m/01b_21
213856,Throat_clearing,/m/0dl9sf8
45925,Cough,/m/01b_21
77157,Cough,/m/01b_21
57189,Cough,/m/01b_21
191337,Cough,/m/01b_21
353649,Cough,/m/01b_21
151921,Throat_clearing,/m/0dl9sf8
87411,Cough,/m/01b_21
87412,Cough,/m/01b_21
69491,Cough,/m/01b_21
346489,Cough,/m/01b_21
346490,Cough,/m/01b_21
208761,Cough,/m/01b_21
46971,Cough,/m/01b_21
410493,Cough,/m/01b_21
144254,Cough,/m/01b_21
262017,Cough,/m/01b_21
319363,Cough,/m/01b_21
171396,Cough,/m/01b_21
353669,Cough,/m/01b_21
30091,Cough,/m/01b_21
87799,Cough,/m/01b_21
120213,Cough,/m/01b_21
32662,Cough,/m/01b_21
32663,Cough,/m/01b_21
87961,Cough,/m/01b_21
91974,Throat_clearing,/m/0dl9sf8
79774,Throat_clearing,/m/0dl9sf8
53663,Cough,/m/01b_21
152995,Cough,/m/01b_21
365476,Cough,/m/01b_21
58792,Cough,/m/01b_21
41385,Cough,/m/01b_21
41386,Cough,/m/01b_21
41387,Cough,/m/01b_21
32169,Cough,/m/01b_21
210431,Cough,/m/01b_21
377260,Throat_clearing,/m/0dl9sf8
377267,Throat_clearing,/m/0dl9sf8
323510,Throat_clearing,/m/0dl9sf8
323511,Throat_clearing,/m/0dl9sf8
351161,Throat_clearing,/m/0dl9sf8
360890,Cough,/m/01b_21
381371,Cough,/m/01b_21
381372,Cough,/m/01b_21
96189,Cough,/m/01b_21
395199,Cough,/m/01b_21
51136,Cough,/m/01b_21
325569,Cough,/m/01b_21
68034,Cough,/m/01b_21
252220,Throat_clearing,/m/0dl9sf8
76230,Cough,/m/01b_21
39878,Cough,/m/01b_21
155591,Cough,/m/01b_21
411083,Cough,/m/01b_21
323532,Cough,/m/01b_21
326096,Cough,/m/01b_21
155603,Cough,/m/01b_21
207829,Cough,/m/01b_21
87511,Cough,/m/01b_21
87512,Cough,/m/01b_21
87513,Cough,/m/01b_21
90073,Cough,/m/01b_21
125403,Cough,/m/01b_21
399619,Throat_clearing,/m/0dl9sf8
432095,Throat_clearing,/m/0dl9sf8
386527,Throat_clearing,/m/0dl9sf8
13799,Cough,/m/01b_21
433639,Cough,/m/01b_21
125418,Cough,/m/01b_21
87021,Cough,/m/01b_21
132601,Cough,/m/01b_21
237317,Scissors,/m/01lsmm
158469,Scissors,/m/01lsmm
158470,Scissors,/m/01lsmm
257032,Scissors,/m/01lsmm
394769,Scissors,/m/01lsmm
366867,Scissors,/m/01lsmm
372246,Scissors,/m/01lsmm
216087,Scissors,/m/01lsmm
169496,Scissors,/m/01lsmm
378393,Scissors,/m/01lsmm
372250,Scissors,/m/01lsmm
233241,Scissors,/m/01lsmm
424988,Scissors,/m/01lsmm
426268,Scissors,/m/01lsmm
26142,Scissors,/m/01lsmm
216094,Scissors,/m/01lsmm
6175,Scissors,/m/01lsmm
353057,Scissors,/m/01lsmm
11560,Scissors,/m/01lsmm
397609,Scissors,/m/01lsmm
397610,Scissors,/m/01lsmm
397608,Scissors,/m/01lsmm
78897,Scissors,/m/01lsmm
567,Scissors,/m/01lsmm
360503,Scissors,/m/01lsmm
64313,Scissors,/m/01lsmm
272442,Scissors,/m/01lsmm
212289,Scissors,/m/01lsmm
426819,Scissors,/m/01lsmm
426820,Scissors,/m/01lsmm
426823,Scissors,/m/01lsmm
426824,Scissors,/m/01lsmm
179015,Scissors,/m/01lsmm
426826,Scissors,/m/01lsmm
426827,Scissors,/m/01lsmm
212300,Scissors,/m/01lsmm
212301,Scissors,/m/01lsmm
426825,Scissors,/m/01lsmm
212303,Scissors,/m/01lsmm
182356,Scissors,/m/01lsmm
162901,Scissors,/m/01lsmm
132949,Scissors,/m/01lsmm
132951,Scissors,/m/01lsmm
140888,Scissors,/m/01lsmm
140889,Scissors,/m/01lsmm
132952,Scissors,/m/01lsmm
240473,Scissors,/m/01lsmm
274778,Scissors,/m/01lsmm
194658,Scissors,/m/01lsmm
194659,Scissors,/m/01lsmm
63586,Scissors,/m/01lsmm
167269,Scissors,/m/01lsmm
347245,Scissors,/m/01lsmm
214897,Scissors,/m/01lsmm
81265,Scissors,/m/01lsmm
34938,Scissors,/m/01lsmm
252796,Scissors,/m/01lsmm
263037,Scissors,/m/01lsmm
346504,Scissors,/m/01lsmm
346506,Scissors,/m/01lsmm
389259,Scissors,/m/01lsmm
346507,Scissors,/m/01lsmm
28303,Scissors,/m/01lsmm
398992,Scissors,/m/01lsmm
187791,Scissors,/m/01lsmm
389269,Scissors,/m/01lsmm
212120,Scissors,/m/01lsmm
70297,Scissors,/m/01lsmm
331160,Scissors,/m/01lsmm
157857,Scissors,/m/01lsmm
272035,Scissors,/m/01lsmm
50599,Scissors,/m/01lsmm
406958,Scissors,/m/01lsmm
219311,Scissors,/m/01lsmm
26037,Scissors,/m/01lsmm
234679,Scissors,/m/01lsmm
401595,Scissors,/m/01lsmm
424381,Scissors,/m/01lsmm
412862,Scissors,/m/01lsmm
240830,Scissors,/m/01lsmm
412865,Scissors,/m/01lsmm
89794,Scissors,/m/01lsmm
89793,Scissors,/m/01lsmm
144070,Scissors,/m/01lsmm
207309,Scissors,/m/01lsmm
368078,Scissors,/m/01lsmm
135634,Scissors,/m/01lsmm
156885,Scissors,/m/01lsmm
156887,Scissors,/m/01lsmm
92633,Scissors,/m/01lsmm
24794,Scissors,/m/01lsmm
24795,Scissors,/m/01lsmm
408538,Scissors,/m/01lsmm
51164,Scissors,/m/01lsmm
232934,Scissors,/m/01lsmm
19179,Scissors,/m/01lsmm
19180,Scissors,/m/01lsmm
19181,Scissors,/m/01lsmm
133868,Scissors,/m/01lsmm
178669,Scissors,/m/01lsmm
365549,Scissors,/m/01lsmm
433650,Scissors,/m/01lsmm
83702,Scissors,/m/01lsmm
324092,Scissors,/m/01lsmm
379260,Scissors,/m/01lsmm
149760,Computer_keyboard,/m/01m2v
155910,Computer_keyboard,/m/01m2v
333575,Computer_keyboard,/m/01m2v
201739,Computer_keyboard,/m/01m2v
333579,Computer_keyboard,/m/01m2v
120333,Computer_keyboard,/m/01m2v
77326,Computer_keyboard,/m/01m2v
233232,Computer_keyboard,/m/01m2v
233233,Computer_keyboard,/m/01m2v
378389,Computer_keyboard,/m/01m2v
250390,Computer_keyboard,/m/01m2v
133657,Computer_keyboard,/m/01m2v
268826,Computer_keyboard,/m/01m2v
86820,Computer_keyboard,/m/01m2v
267302,Computer_keyboard,/m/01m2v
212522,Computer_keyboard,/m/01m2v
252715,Computer_keyboard,/m/01m2v
54829,Computer_keyboard,/m/01m2v
164658,Computer_keyboard,/m/01m2v
360502,Computer_keyboard,/m/01m2v
246327,Computer_keyboard,/m/01m2v
152887,Computer_keyboard,/m/01m2v
390459,Computer_keyboard,/m/01m2v
75072,Computer_keyboard,/m/01m2v
154692,Computer_keyboard,/m/01m2v
192069,Computer_keyboard,/m/01m2v
157766,Computer_keyboard,/m/01m2v
353609,Computer_keyboard,/m/01m2v
188233,Computer_keyboard,/m/01m2v
71755,Computer_keyboard,/m/01m2v
348238,Computer_keyboard,/m/01m2v
175438,Computer_keyboard,/m/01m2v
364116,Computer_keyboard,/m/01m2v
201301,Computer_keyboard,/m/01m2v
345940,Computer_keyboard,/m/01m2v
260951,Computer_keyboard,/m/01m2v
167256,Computer_keyboard,/m/01m2v
428380,Computer_keyboard,/m/01m2v
199774,Computer_keyboard,/m/01m2v
319326,Computer_keyboard,/m/01m2v
329053,Computer_keyboard,/m/01m2v
174433,Computer_keyboard,/m/01m2v
174434,Computer_keyboard,/m/01m2v
250359,Computer_keyboard,/m/01m2v
153444,Computer_keyboard,/m/01m2v
323432,Computer_keyboard,/m/01m2v
158057,Computer_keyboard,/m/01m2v
395119,Computer_keyboard,/m/01m2v
334962,Computer_keyboard,/m/01m2v
334963,Computer_keyboard,/m/01m2v
377462,Computer_keyboard,/m/01m2v
67449,Computer_keyboard,/m/01m2v
152956,Computer_keyboard,/m/01m2v
377469,Computer_keyboard,/m/01m2v
152702,Computer_keyboard,/m/01m2v
91263,Computer_keyboard,/m/01m2v
91264,Computer_keyboard,/m/01m2v
232831,Computer_keyboard,/m/01m2v
137,Computer_keyboard,/m/01m2v
152976,Computer_keyboard,/m/01m2v
332178,Computer_keyboard,/m/01m2v
326291,Computer_keyboard,/m/01m2v
330900,Computer_keyboard,/m/01m2v
339347,Computer_keyboard,/m/01m2v
195223,Computer_keyboard,/m/01m2v
339348,Computer_keyboard,/m/01m2v
331158,Computer_keyboard,/m/01m2v
388512,Computer_keyboard,/m/01m2v
214689,Computer_keyboard,/m/01m2v
332458,Computer_keyboard,/m/01m2v
353711,Computer_keyboard,/m/01m2v
365487,Computer_keyboard,/m/01m2v
155569,Computer_keyboard,/m/01m2v
155568,Computer_keyboard,/m/01m2v
155571,Computer_keyboard,/m/01m2v
155572,Computer_keyboard,/m/01m2v
233396,Computer_keyboard,/m/01m2v
155575,Computer_keyboard,/m/01m2v
155570,Computer_keyboard,/m/01m2v
155573,Computer_keyboard,/m/01m2v
365490,Computer_keyboard,/m/01m2v
379068,Computer_keyboard,/m/01m2v
215744,Computer_keyboard,/m/01m2v
379073,Computer_keyboard,/m/01m2v
215745,Computer_keyboard,/m/01m2v
379076,Computer_keyboard,/m/01m2v
79045,Computer_keyboard,/m/01m2v
216005,Computer_keyboard,/m/01m2v
99795,Computer_keyboard,/m/01m2v
99796,Computer_keyboard,/m/01m2v
379099,Computer_keyboard,/m/01m2v
379100,Computer_keyboard,/m/01m2v
379101,Computer_keyboard,/m/01m2v
332000,Computer_keyboard,/m/01m2v
144105,Computer_keyboard,/m/01m2v
144106,Computer_keyboard,/m/01m2v
257259,Computer_keyboard,/m/01m2v
83690,Computer_keyboard,/m/01m2v
328941,Computer_keyboard,/m/01m2v
14579,Computer_keyboard,/m/01m2v
274931,Computer_keyboard,/m/01m2v
149750,Computer_keyboard,/m/01m2v
149751,Computer_keyboard,/m/01m2v
149752,Computer_keyboard,/m/01m2v
403446,Computer_keyboard,/m/01m2v
228602,Computer_keyboard,/m/01m2v
149757,Computer_keyboard,/m/01m2v
388485,Computer_keyboard,/m/01m2v
269713,Computer_keyboard,/m/01m2v
424742,Computer_keyboard,/m/01m2v
75829,Computer_keyboard,/m/01m2v
394945,Computer_keyboard,/m/01m2v
368794,Computer_keyboard,/m/01m2v
176066,Typing,/m/0316dw
257039,Typing,/m/0316dw
365073,Typing,/m/0316dw
324120,Typing,/m/0316dw
113689,Typing,/m/0316dw
79388,Typing,/m/0316dw
43551,Typing,/m/0316dw
347690,Typing,/m/0316dw
83499,Typing,/m/0316dw
52270,Typing,/m/0316dw
216126,Typing,/m/0316dw
216131,Typing,/m/0316dw
71238,Typing,/m/0316dw
389702,Typing,/m/0316dw
326728,Typing,/m/0316dw
31817,Typing,/m/0316dw
34890,Typing,/m/0316dw
389703,Typing,/m/0316dw
52308,Typing,/m/0316dw
428634,Typing,/m/0316dw
387162,Typing,/m/0316dw
89695,Typing,/m/0316dw
160869,Typing,/m/0316dw
320102,Typing,/m/0316dw
78952,Typing,/m/0316dw
125548,Typing,/m/0316dw
125553,Typing,/m/0316dw
86147,Typing,/m/0316dw
136,Typing,/m/0316dw
172181,Typing,/m/0316dw
211608,Typing,/m/0316dw
97437,Typing,/m/0316dw
186013,Typing,/m/0316dw
380066,Typing,/m/0316dw
371367,Typing,/m/0316dw
268968,Typing,/m/0316dw
138407,Typing,/m/0316dw
390833,Typing,/m/0316dw
348369,Typing,/m/0316dw
382683,Typing,/m/0316dw
378083,Typing,/m/0316dw
378084,Typing,/m/0316dw
378085,Typing,/m/0316dw
104168,Typing,/m/0316dw
235253,Typing,/m/0316dw
235254,Typing,/m/0316dw
343799,Typing,/m/0316dw
407802,Typing,/m/0316dw
257275,Typing,/m/0316dw
153339,Typing,/m/0316dw
257788,Typing,/m/0316dw
53501,Typing,/m/0316dw
109316,Typing,/m/0316dw
410885,Typing,/m/0316dw
362251,Typing,/m/0316dw
265486,Typing,/m/0316dw
426259,Typing,/m/0316dw
63255,Typing,/m/0316dw
63256,Typing,/m/0316dw
268575,Typing,/m/0316dw
166691,Typing,/m/0316dw
432432,Typing,/m/0316dw
134962,Typing,/m/0316dw
347443,Typing,/m/0316dw
388915,Typing,/m/0316dw
422712,Typing,/m/0316dw
410427,Typing,/m/0316dw
400699,Typing,/m/0316dw
260924,Typing,/m/0316dw
91465,Typing,/m/0316dw
404298,Typing,/m/0316dw
179017,Typing,/m/0316dw
119134,Typing,/m/0316dw
119135,Typing,/m/0316dw
428899,Typing,/m/0316dw
28011,Typing,/m/0316dw
263036,Typing,/m/0316dw
343426,Typing,/m/0316dw
343427,Typing,/m/0316dw
187270,Typing,/m/0316dw
331656,Typing,/m/0316dw
389512,Typing,/m/0316dw
348045,Typing,/m/0316dw
376735,Typing,/m/0316dw
402858,Typing,/m/0316dw
215980,Typing,/m/0316dw
243630,Typing,/m/0316dw
256435,Typing,/m/0316dw
256436,Typing,/m/0316dw
256437,Typing,/m/0316dw
51126,Typing,/m/0316dw
256438,Typing,/m/0316dw
150985,Typing,/m/0316dw
256458,Typing,/m/0316dw
93135,Typing,/m/0316dw
392159,Typing,/m/0316dw
125408,Typing,/m/0316dw
270821,Typing,/m/0316dw
365543,Typing,/m/0316dw
274932,Typing,/m/0316dw
193965,Typewriter,/m/0c2wf
193946,Typewriter,/m/0c2wf
193947,Typewriter,/m/0c2wf
193948,Typewriter,/m/0c2wf
360601,Typewriter,/m/0c2wf
360603,Typewriter,/m/0c2wf
360604,Typewriter,/m/0c2wf
19488,Typewriter,/m/0c2wf
193949,Typewriter,/m/0c2wf
193950,Typewriter,/m/0c2wf
193951,Typewriter,/m/0c2wf
193952,Typewriter,/m/0c2wf
193953,Typewriter,/m/0c2wf
193955,Typewriter,/m/0c2wf
193956,Typewriter,/m/0c2wf
106793,Typewriter,/m/0c2wf
193957,Typewriter,/m/0c2wf
193959,Typewriter,/m/0c2wf
193960,Typewriter,/m/0c2wf
193961,Typewriter,/m/0c2wf
193962,Typewriter,/m/0c2wf
193963,Typewriter,/m/0c2wf
193964,Typewriter,/m/0c2wf
277298,Typewriter,/m/0c2wf
277299,Typewriter,/m/0c2wf
277300,Typewriter,/m/0c2wf
277301,Typewriter,/m/0c2wf
277302,Typewriter,/m/0c2wf
193966,Typewriter,/m/0c2wf
193967,Typewriter,/m/0c2wf
193968,Typewriter,/m/0c2wf
193969,Typewriter,/m/0c2wf
193970,Typewriter,/m/0c2wf
193972,Typewriter,/m/0c2wf
193973,Typewriter,/m/0c2wf
193974,Typewriter,/m/0c2wf
319943,Typewriter,/m/0c2wf
319944,Typewriter,/m/0c2wf
319945,Typewriter,/m/0c2wf
277721,Typewriter,/m/0c2wf
277722,Typewriter,/m/0c2wf
277723,Typewriter,/m/0c2wf
277724,Typewriter,/m/0c2wf
367085,Typewriter,/m/0c2wf
98855,Gurgling,/m/07swgks
337467,Gurgling,/m/07swgks
337468,Gurgling,/m/07swgks
337469,Gurgling,/m/07swgks
337470,Gurgling,/m/07swgks
337471,Gurgling,/m/07swgks
337472,Gurgling,/m/07swgks
337473,Gurgling,/m/07swgks
337475,Gurgling,/m/07swgks
337476,Gurgling,/m/07swgks
337478,Gurgling,/m/07swgks
337479,Gurgling,/m/07swgks
337482,Gurgling,/m/07swgks
337483,Gurgling,/m/07swgks
337484,Gurgling,/m/07swgks
337485,Gurgling,/m/07swgks
337486,Gurgling,/m/07swgks
337488,Gurgling,/m/07swgks
337489,Gurgling,/m/07swgks
337490,Gurgling,/m/07swgks
337487,Gurgling,/m/07swgks
337491,Gurgling,/m/07swgks
337494,Gurgling,/m/07swgks
337493,Gurgling,/m/07swgks
337495,Gurgling,/m/07swgks
337497,Gurgling,/m/07swgks
337498,Gurgling,/m/07swgks
337499,Gurgling,/m/07swgks
337500,Gurgling,/m/07swgks
337501,Gurgling,/m/07swgks
337503,Gurgling,/m/07swgks
337504,Gurgling,/m/07swgks
337505,Gurgling,/m/07swgks
337507,Gurgling,/m/07swgks
337508,Gurgling,/m/07swgks
337509,Gurgling,/m/07swgks
337510,Gurgling,/m/07swgks
337511,Gurgling,/m/07swgks
337513,Gurgling,/m/07swgks
337514,Gurgling,/m/07swgks
337515,Gurgling,/m/07swgks
337516,Gurgling,/m/07swgks
337517,Gurgling,/m/07swgks
337518,Gurgling,/m/07swgks
234611,Gurgling,/m/07swgks
91514,Gurgling,/m/07swgks
64182,Gurgling,/m/07swgks
80595,Gurgling,/m/07swgks
68312,Gurgling,/m/07swgks
344537,Gurgling,/m/07swgks
60386,Gurgling,/m/07swgks
337496,Gurgling,/m/07swgks
108788,Gurgling,/m/07swgks
167454,Gurgling,/m/07swgks
233589,Gurgling,/m/07swgks
317654,Gurgling,/m/07swgks
317656,Gurgling,/m/07swgks
423959,Gurgling,/m/07swgks
411761,Gurgling,/m/07swgks
209576,Gurgling,/m/07swgks
34860,Gurgling,/m/07swgks
93184,Crushing,/m/07plct2
93185,Crushing,/m/07plct2
244736,Crushing,/m/07plct2
137231,Crushing,/m/07plct2
276505,Crushing,/m/07plct2
276506,Crushing,/m/07plct2
276507,Crushing,/m/07plct2
276508,Crushing,/m/07plct2
135712,Crushing,/m/07plct2
275492,Crushing,/m/07plct2
7720,Crushing,/m/07plct2
406071,Crushing,/m/07plct2
406073,Crushing,/m/07plct2
406074,Crushing,/m/07plct2
406076,Crushing,/m/07plct2
326211,Crushing,/m/07plct2
325202,Crushing,/m/07plct2
201830,Crushing,/m/07plct2
148072,Crushing,/m/07plct2
203378,Crushing,/m/07plct2
47221,Crushing,/m/07plct2
47223,Crushing,/m/07plct2
151673,Crushing,/m/07plct2
33913,Crushing,/m/07plct2
324735,Crushing,/m/07plct2
366212,Crushing,/m/07plct2
398981,Crushing,/m/07plct2
398982,Crushing,/m/07plct2
347783,Crushing,/m/07plct2
398984,Crushing,/m/07plct2
398983,Crushing,/m/07plct2
398988,Crushing,/m/07plct2
405646,Crushing,/m/07plct2
405647,Crushing,/m/07plct2
353937,Crushing,/m/07plct2
353938,Crushing,/m/07plct2
190099,Crushing,/m/07plct2
68763,Crushing,/m/07plct2
366792,Crushing,/m/07plct2
366807,Crushing,/m/07plct2
211163,Crushing,/m/07plct2
211165,Crushing,/m/07plct2
412383,Crushing,/m/07plct2
412384,Crushing,/m/07plct2
412385,Crushing,/m/07plct2
336615,Crushing,/m/07plct2
336617,Crushing,/m/07plct2
336621,Crushing,/m/07plct2
336622,Crushing,/m/07plct2
336623,Crushing,/m/07plct2
336624,Crushing,/m/07plct2
353519,Crushing,/m/07plct2
336627,Crushing,/m/07plct2
336630,Crushing,/m/07plct2
336632,Crushing,/m/07plct2
336628,Crushing,/m/07plct2
71934,Crushing,/m/07plct2
204031,Crushing,/m/07plct2
71935,Crushing,/m/07plct2
244482,Crushing,/m/07plct2
244483,Crushing,/m/07plct2
244481,Crushing,/m/07plct2
390414,Crushing,/m/07plct2
244492,Crushing,/m/07plct2
434453,Crushing,/m/07plct2
244491,Crushing,/m/07plct2
124184,Crushing,/m/07plct2
124186,Crushing,/m/07plct2
368924,Crushing,/m/07plct2
368925,Crushing,/m/07plct2
124190,Crushing,/m/07plct2
124193,Crushing,/m/07plct2
124194,Crushing,/m/07plct2
124195,Crushing,/m/07plct2
368960,Crushing,/m/07plct2
69959,Crushing,/m/07plct2
82248,Crushing,/m/07plct2
109398,Crushing,/m/07plct2
221529,Crushing,/m/07plct2
96617,Crushing,/m/07plct2
371564,Crushing,/m/07plct2
96621,Crushing,/m/07plct2
96626,Crushing,/m/07plct2
322427,Crushing,/m/07plct2
322428,Crushing,/m/07plct2
322429,Crushing,/m/07plct2
322430,Crushing,/m/07plct2
21914,Crushing,/m/07plct2
341914,Crushing,/m/07plct2
341920,Crushing,/m/07plct2
219042,Crushing,/m/07plct2
398764,Crushing,/m/07plct2
398768,Crushing,/m/07plct2
398774,Crushing,/m/07plct2
378295,Crushing,/m/07plct2
352207,Crushing,/m/07plct2
156625,Crushing,/m/07plct2
156628,Crushing,/m/07plct2
93144,Crushing,/m/07plct2
93146,Crushing,/m/07plct2
93147,Crushing,/m/07plct2
93149,Crushing,/m/07plct2
39392,Crushing,/m/07plct2
39393,Crushing,/m/07plct2
93158,Crushing,/m/07plct2
93159,Crushing,/m/07plct2
93160,Crushing,/m/07plct2
93161,Crushing,/m/07plct2
93162,Crushing,/m/07plct2
188393,Crushing,/m/07plct2
188396,Crushing,/m/07plct2
93164,Crushing,/m/07plct2
188397,Crushing,/m/07plct2
188398,Crushing,/m/07plct2
93165,Crushing,/m/07plct2
93166,Crushing,/m/07plct2
49138,Crushing,/m/07plct2
49139,Crushing,/m/07plct2
93172,Crushing,/m/07plct2
93182,Crushing,/m/07plct2
93183,Crushing,/m/07plct2
406336,Crushing,/m/07plct2
249811,Crushing,/m/07plct2
77920,Chopping_(food),/m/07pn_8q
360786,Chopping_(food),/m/07pn_8q
360787,Chopping_(food),/m/07pn_8q
360788,Chopping_(food),/m/07pn_8q
360790,Chopping_(food),/m/07pn_8q
360791,Chopping_(food),/m/07pn_8q
360794,Chopping_(food),/m/07pn_8q
360795,Chopping_(food),/m/07pn_8q
360798,Chopping_(food),/m/07pn_8q
360802,Chopping_(food),/m/07pn_8q
393788,Chopping_(food),/m/07pn_8q
369232,Chopping_(food),/m/07pn_8q
369233,Chopping_(food),/m/07pn_8q
369234,Chopping_(food),/m/07pn_8q
125521,Chopping_(food),/m/07pn_8q
176736,Chopping_(food),/m/07pn_8q
215749,Chopping_(food),/m/07pn_8q
211699,Chopping_(food),/m/07pn_8q
211700,Chopping_(food),/m/07pn_8q
211701,Chopping_(food),/m/07pn_8q
211702,Chopping_(food),/m/07pn_8q
211703,Chopping_(food),/m/07pn_8q
344901,Chopping_(food),/m/07pn_8q
344902,Chopping_(food),/m/07pn_8q
365548,Chopping_(food),/m/07pn_8q
66679,Chopping_(food),/m/07pn_8q
365784,Chopping_(food),/m/07pn_8q
89384,Chopping_(food),/m/07pn_8q
87507,Chopping_(food),/m/07pn_8q
404969,Chopping_(food),/m/07pn_8q
433712,Chopping_(food),/m/07pn_8q
325223,Chopping_(food),/m/07pn_8q
212615,Chopping_(food),/m/07pn_8q
419505,Chopping_(food),/m/07pn_8q
188192,Chopping_(food),/m/07pn_8q
237359,Chopping_(food),/m/07pn_8q
87984,Chopping_(food),/m/07pn_8q
348081,Chopping_(food),/m/07pn_8q
